CERAMIC CAKE DESIGN SPOTTED MUG,CERAMIC CAKE STAND + HANGING CAKES,CHOC TRUFFLE GOLD TRINKET POT,DOOR MAT BLACK FLOCK,DOOR MAT MULTICOLOUR STRIPE,EDWARDIAN PARASOL BLACK,EDWARDIAN PARASOL NATURAL,EDWARDIAN PARASOL PINK,EDWARDIAN PARASOL RED,FAWN BLUE HOT WATER BOTTLE,GRAND CHOCOLATECANDLE,LARGE CAKE STAND  HANGING STRAWBERY,METAL SHELF WITH RAIL,MUSHROOM BLUE HOT WATER BOTTLE,PINK/BROWN DOTS RUFFLED UMBRELLA,RED/WHITE DOTS RUFFLED UMBRELLA,TEA TIME CAKE STAND IN GIFT BOX,,,,,,,,,,,,,,,,,,,,,,,,,,,,,,,,,,,,,,,,,,,,,,,,,,,,,,,,,,
BAKING SET 9 PIECE RETROSPOT,BLUE  SPOTTY CUP,BLUE  SPOTTY PLATE,BLUE 3 PIECE MINI DOTS CUTLERY SET,BLUE SPOTTY BOWL,GREEN  SPOTTY PLATE,GREEN 3 PIECE MINI DOTS CUTLERY SET,GREEN SPOTTY BOWL,GREEN SPOTTY CUP,LUNCHBOX WITH CUTLERY RETROSPOT,PINK  SPOTTY CUP,PINK  SPOTTY PLATE,PINK 3 PIECE MINI DOTS CUTLERY SET,PINK SPOTTY BOWL,POSTAGE,RED 3 PIECE MINI DOTS CUTLERY SET,RED SPOTTY BOWL,RED SPOTTY CUP,RED SPOTTY PLATE,RED SPOTTY ROUND CAKE TINS,RED/WHITE DOT MINI CASES,,,,,,,,,,,,,,,,,,,,,,,,,,,,,,,,,,,,,,,,,,,,,,,,,,,,,,
GREEN SPOTTY CUP,JUMBO BAG RED WHITE SPOTTY,JUMBO BAG WOODLAND ANIMALS,LUNCH BAG CARS BLUE,LUNCH BAG RED SPOTTY,LUNCH BAG WOODLAND,MUSHROOM BLUE HOT WATER BOTTLE,POSTAGE,RED SPOTTY CHARLOTTE BAG,RED SPOTTY CUP,RED SPOTTY PURSE,RED SPOTTY SHOPPER BAG,RED SPOTTY TABLECLOTH,RED/WHITE SPOT PICNIC BAG,RETRO SPOT LARGE MILK JUG,RETRO SPOT TRADITIONAL TEAPOT,ROUND SNACK BOXES SET OF4 WOODLAND,SET/20 RED SPOTTY PAPER NAPKINS,SET/20 WOODLAND PAPER NAPKINS,WOODLAND CHARLOTTE BAG,WOODLAND DESIGN  COTTON TOTE BAG,,,,,,,,,,,,,,,,,,,,,,,,,,,,,,,,,,,,,,,,,,,,,,,,,,,,,,
BATHROOM SET LOVE HEART DESIGN,CERAMIC CAKE DESIGN SPOTTED MUG,CERAMIC CAKE STAND + HANGING CAKES,CERAMIC STRWBERRY DESIGN MUG,CREAM SLICE FLANNEL PINK SPOT,LARGE CAKE STAND  HANGING STRAWBERY,LARGE CAKE STAND HANGING HEARTS,LARGE CAKE TOWEL PINK SPOTS,MINI CAKE STAND  HANGING STRAWBERY,MINI CAKE STAND HANGING HEARTS,POSTAGE,RED SPOT HEART HOT WATER BOTTLE,RED SPOTTY BISCUIT TIN,RETRO SPOT STORAGE JAR,RETRO SPOT SUGAR JAM BOWL,SCOTTIE DOG HOT WATER BOTTLE,"SET 3 RED SPOT TIN TEA,COFFEE,SUGAR",SMALL RETRO SPOT MUG IN BOX  RED,SMALL RETRO SPOT MUG IN BOX  WHITE,SMALL SPOTTY CHOCOLATE GIFT BAG,SMALL STRIPES CHOCOLATE GIFT BAG,STRAWBERRY BATH SPONGE,STRAWBERRY CERAMIC TRINKET BOX,STRIPEY CHOCOLATE NESTING BOXES,WATERMELON BATH SPONGE,,,,,,,,,,,,,,,,,,,,,,,,,,,,,,,,,,,,,,,,,,,,,,,,,,
ASSORTED CAKES FRIDGE MAGNETS,ASSORTED CHEESE FRIDGE MAGNETS,ASSORTED ICE CREAM FRIDGE MAGNETS,BIG DOUGHNUT FRIDGE MAGNETS,BLUE PARTY BAGS,BUNNY DECORATION MAGIC GARDEN,FELTCRAFT DOLL EMILY,FELTCRAFT DOLL MARIA,PINK PARTY BAGS,SET OF 3 RABBIT CARROTS EASTER,,,,,,,,,,,,,,,,,,,,,,,,,,,,,,,,,,,,,,,,,,,,,,,,,,,,,,,,,,,,,,,,,
6 CROCHET STRAWBERRIES,ASSORTED COLOUR BIRD ORNAMENT,EASTER TIN BUCKET,FELT FARM ANIMAL WHITE BUNNY,FELT TOADSTOOL  SMALL,FELT TOADSTOOL LARGE,"HOOK, 5 HANGER ,MAGIC TOADSTOOL RED",JIGSAW TOADSTOOLS 3 PIECE,POSTAGE,,,,,,,,,,,,,,,,,,,,,,,,,,,,,,,,,,,,,,,,,,,,,,,,,,,,,,,,,,,,,,,,,,
POSTAGE,,,,,,,,,,,,,,,,,,,,,,,,,,,,,,,,,,,,,,,,,,,,,,,,,,,,,,,,,,,,,,,,,,,,,,,,,,
CERAMIC BOWL WITH LOVE HEART DESIGN,CERAMIC CAKE DESIGN SPOTTED PLATE,CERAMIC PLATE LOVE HEART DESIGN,LOVE HEART TRINKET POT,PINK SPOTS CHOCOLATE NESTING BOXES,POSTAGE,TEA TIME OVEN GLOVE,,,,,,,,,,,,,,,,,,,,,,,,,,,,,,,,,,,,,,,,,,,,,,,,,,,,,,,,,,,,,,,,,,,,
PINK FAIRY CAKE CUSHION COVER,PINK ROUND BUTTERFLY MIRROR,POSTAGE,,,,,,,,,,,,,,,,,,,,,,,,,,,,,,,,,,,,,,,,,,,,,,,,,,,,,,,,,,,,,,,,,,,,,,,,
"CHARLOTTE BAG , SUKI DESIGN",POSTAGE,RED  SPOTTY COFFEE  MUG,RED SPOTTY BEAKER,RED SPOTTY CHILDS APRON,RED SPOTTY CUP,RED SPOTTY PUDDING BOWL,RED SPOTTY SHOPPER BAG,RETRO SPOT LARGE MILK JUG,RETRO SPOT MUG,RETRO SPOT TRADITIONAL TEAPOT,ROUND SNACK BOXES SET OF 4 FRUITS,ROUND SNACK BOXES SET OF 4 SKULLS,ROUND SNACK BOXES SET OF4 WOODLAND,SKULLS PARTY BAG + STICKER SET,SUKI  SHOULDER BAG,,,,,,,,,,,,,,,,,,,,,,,,,,,,,,,,,,,,,,,,,,,,,,,,,,,,,,,,,,,
BLUE  SPOTTY CUP,BLUE  SPOTTY PLATE,BLUE 3 PIECE MINI DOTS CUTLERY SET,BLUE HARMONICA IN BOX,BLUE SPOTTY BOWL,CHILDRENS GARDEN GLOVES BLUE,CHILDRENS GARDEN GLOVES PINK,CHILDS GARDEN BRUSH BLUE,CHILDS GARDEN BRUSH PINK,CHILDS GARDEN TROWEL BLUE,CHILDS GARDEN TROWEL PINK,DINOSAUR LUNCH BOX WITH CUTLERY,JUMBO BAG PINK WITH WHITE SPOTS,JUMBO BAG SPACEBOY DESIGN,JUNGLE POPSICLES ICE LOLLY HOLDERS,LUNCH BAG PINK RETROSPOT,LUNCH BAG WOODLAND,LUNCH BOX WITH CUTLERY FAIRY CAKES,PINK  SPOTTY CUP,PINK  SPOTTY PLATE,PINK 3 PIECE MINI DOTS CUTLERY SET,PINK SPOTTY BOWL,RED  HARMONICA IN BOX,RED 3 PIECE MINI DOTS CUTLERY SET,RED RETROSPOT JUMBO BAG,RED SPOTTY BOWL,RED SPOTTY CUP,RED SPOTTY PLATE,RED SPOTTY SHOPPER BAG,ROUND CONTAINER SET OF 5 RETROSPOT,ROUND SNACK BOXES SET OF 4 FRUITS,ROUND SNACK BOXES SET OF4 WOODLAND,SEASIDE FLYING DISC,STRAWBERRY LUNCH BOX WITH CUTLERY,WATERING CAN BLUE ELEPHANT,WATERING CAN PINK BUNNY,,,,,,,,,,,,,,,,,,,,,,,,,,,,,,,,,,,,,,,
10 COLOUR SPACEBOY PEN,36 PENCILS TUBE RED SPOTTY,ALPHABET STENCIL CRAFT,BALLOON PUMP WITH 10 BALLOONS,"DECOUPAGE,GREETING CARD,",FAWN AND MUSHROOM GREETING CARD,"FLOWER FAIRY,5 SUMMER B'DRAW LINERS",GIN & TONIC DIET GREETING CARD,GROW YOUR OWN PLANT IN A CAN,MAGIC DRAWING SLATE DOLLY GIRL,MAGIC DRAWING SLATE SPACEBOY,MINI HIGHLIGHTER PENS,MINI PAINT SET VINTAGE,MONSTERS STENCIL CRAFT,PACK OF 12 SPACEBOY TISSUES,PACK OF 20 SKULL PAPER NAPKINS,PACK OF 20 SPACEBOY NAPKINS,PARTY INVITES BALLOON GIRL,PARTY INVITES WOODLAND,PLASTERS IN TIN CIRCUS PARADE,PLASTERS IN TIN SKULLS,PLASTERS IN TIN SPACEBOY,PLASTERS IN TIN STRONGMAN,PLASTERS IN TIN VINTAGE PAISLEY,PLASTERS IN TIN WOODLAND ANIMALS,POSTAGE,RED SPOTTY CHILDS UMBRELLA,SET/20 RED SPOTTY PAPER NAPKINS,SET/6 RED SPOTTY PAPER CUPS,SET/6 RED SPOTTY PAPER PLATES,SKULLS PARTY BAG + STICKER SET,SPACEBOY BIRTHDAY CARD,TEA PARTY BIRTHDAY CARD,WOODLAND PARTY BAG + STICKER SET,,,,,,,,,,,,,,,,,,,,,,,,,,,,,,,,,,,,,,,,,
ABSTRACT CIRCLES NOTEBOOK,ASSORTED CAKES FRIDGE MAGNETS,ASSORTED CHEESE FRIDGE MAGNETS,ASSORTED ICE CREAM FRIDGE MAGNETS,ASSORTED SANSKRIT MINI NOTEBOOK,BIG DOUGHNUT FRIDGE MAGNETS,BLUE PATCH PENCIL CASE PINK HEART,BLUE ROSE PATCH PURSE PINK BUTTERFL,CHRYSANTHEMUM NOTEBOOK,DENIM PATCH PURSE PINK BUTTERFLY,ECONOMY LUGGAGE TAG,FIRST CLASS LUGGAGE TAG,GARDEN PATH NOTEBOOK,JUMBO SHOPPER VINTAGE RED PAISLEY,PINK PATCH PURSE BLUE HEART,QUEEN OF SKIES LUGGAGE TAG,TROPICAL LUGGAGE TAG,,,,,,,,,,,,,,,,,,,,,,,,,,,,,,,,,,,,,,,,,,,,,,,,,,,,,,,,,,
6 RIBBONS RUSTIC CHARM,72 SWEETHEART FAIRY CAKE CASES,BLUE  SPOTTY CUP,BLUE SPOT CERAMIC DRAWER KNOB,BLUE SPOTTY BOWL,BLUE STRIPE CERAMIC DRAWER KNOB,BRIGHT BLUES RIBBONS,CARD CAT AND TREE,CARD CIRCUS PARADE,CARD DOG AND BALL,CHOCOLATE THIS WAY METAL SIGN,CHRISTMAS RETROSPOT ANGEL WOOD,CHRISTMAS RETROSPOT TREE WOOD,CREAM CUPID HEARTS COAT HANGER,ENAMEL BLUE RIM BISCUIT BIN,GIN + TONIC DIET METAL SIGN,GREEN SPOTTY CUP,HAND OVER THE CHOCOLATE   SIGN,I'M ON HOLIDAY METAL SIGN,IVORY KITCHEN SCALES,MEASURING TAPE RUSSIAN DOLL BLUE,MEASURING TAPE RUSSIAN DOLL PINK,MEASURING TAPE RUSSIAN DOLL RED,MEMO BOARD COTTAGE DESIGN,METAL 4 HOOK HANGER FRENCH CHATEAU,METAL MERRY CHRISTMAS WREATH,METAL SIGN HER DINNER IS SERVED,METAL SIGN TAKE IT OR LEAVE IT,PACK OF 60 MUSHROOM CAKE CASES,PACK OF 72 RETRO SPOT CAKE CASES,PINK  SPOTTY CUP,RECIPE BOX PANTRY YELLOW DESIGN,RECIPE BOX RETRO SPOT DESIGN,RECYCLING BAG RETROSPOT,RED RETROSPOT STORAGE JAR,RED SPOT CERAMIC DRAWER KNOB,RED SPOTTY BOWL,RED SPOTTY CUP,RED SPOTTY SHOPPER BAG,RED STRIPE CERAMIC DRAWER KNOB,RED/WHITE DOT MINI CASES,ROCKING HORSE GREEN CHRISTMAS,ROCKING HORSE RED CHRISTMAS,ROMANTIC PINKS RIBBONS,SET OF 3 CASES WOODLAND DESIGN,SET OF 36 MUSHROOM PAPER DOILIES,SET OF 72 RETRO SPOT PAPER  DOILIES,SET/10 BLUE SPOTTY PARTY CANDLES,SET/10 PINK SPOTTY PARTY CANDLES,SPACEBOY BIRTHDAY CARD,TEA BAG PLATE RED SPOTTY,TEA PARTY BIRTHDAY CARD,TRAVEL SEWING KIT,VINTAGE UNION JACK APRON,VINTAGE UNION JACK MEMOBOARD,VINTAGE UNION JACK SHOPPING BAG,WALL TIDY RETROSPOT,WHITE SPOT BLUE CERAMIC DRAWER KNOB,WHITE SPOT RED CERAMIC DRAWER KNOB,WOOD 2 DRAWER CABINET WHITE FINISH,WOOD STOCKING CHRISTMAS SCANDISPOT,WOODLAND  HEIGHT CHART STICKERS,,,,,,,,,,,,,
12 PENCILS SMALL TUBE RED SPOTTY,12 PENCILS SMALL TUBE SKULL,BROCADE RING PURSE,DINOSAUR KEYRINGS ASSORTED,LIPSTICK PEN FUSCHIA,POSTAGE,SET OF 6 3D KIT CARDS FOR KIDS,WHITE/BLUE PULL BACK RACING CAR,,,,,,,,,,,,,,,,,,,,,,,,,,,,,,,,,,,,,,,,,,,,,,,,,,,,,,,,,,,,,,,,,,,
Manual,,,,,,,,,,,,,,,,,,,,,,,,,,,,,,,,,,,,,,,,,,,,,,,,,,,,,,,,,,,,,,,,,,,,,,,,,,
Manual,,,,,,,,,,,,,,,,,,,,,,,,,,,,,,,,,,,,,,,,,,,,,,,,,,,,,,,,,,,,,,,,,,,,,,,,,,
BAKING SET 9 PIECE RETROSPOT,LUNCH BOX WITH CUTLERY RETROSPOT,PINK  SPOTTY PLATE,PINK 3 PIECE MINI DOTS CUTLERY SET,PINK SPOTTY BOWL,POSTAGE,RED 3 PIECE MINI DOTS CUTLERY SET,RED SPOTTY BOWL,RED SPOTTY PLATE,RED SPOTTY ROUND CAKE TINS,RED/WHITE DOT MINI CASES,,,,,,,,,,,,,,,,,,,,,,,,,,,,,,,,,,,,,,,,,,,,,,,,,,,,,,,,,,,,,,,,
10 COLOUR SPACEBOY PEN,12 PENCIL SMALL TUBE WOODLAND,12 PENCILS SMALL TUBE RED SPOTTY,ASSORTED COLOUR BIRD ORNAMENT,ASSTD DESIGN RACING CAR PEN,BIRDS MOBILE VINTAGE DESIGN,BLUE PADDED SOFT MOBILE,BLUE SPOT CERAMIC DRAWER KNOB,BLUE SPOTS  WRAP,CARD CIRCUS PARADE,CARD HOLDER GINGHAM HEART,CAROUSEL DESIGN WASHBAG,CHILDRENS APRON SPACEBOY DESIGN,DINOSAUR LUNCH BOX WITH CUTLERY,DINOSAUR PARTY BAG + STICKER SET,DOCTOR'S BAG SOFT TOY,"ELEPHANT, BIRTHDAY CARD,","FANCY FONT BIRTHDAY CARD,",FANCY FONTS BIRTHDAY WRAP,FIVE CATS HANGING DECORATION,HEARTS GIFT TAPE,HEARTS WRAPPING TAPE,"HOOK, 1 HANGER ,MAGIC GARDEN","HOOK, 5 HANGER , MAGIC TOADSTOOL",LUNCH BAG CARS BLUE,LUNCH BAG RED SPOTTY,LUNCH BAG SPACEBOY DESIGN,LUNCH BAG WOODLAND,MAGIC DRAWING SLATE CIRCUS PARADE,MAKE YOUR OWN PLAYTIME CARD KIT,MEMO BOARD COTTAGE DESIGN,MEMO BOARD RETROSPOT  DESIGN,PACK OF 60 DINOSAUR CAKE CASES,PACK OF 60 MUSHROOM CAKE CASES,PACK OF 60 SPACEBOY CAKE CASES,PACK OF 72 RETRO SPOT CAKE CASES,PACK OF 72 SKULL CAKE CASES,PARTY INVITES SPACEMAN,PENCIL CASE LIFE IS BEAUTIFUL,PENS ASSORTED SPACEBALL,PHOTO CLIP LINE,PINK HEART SHAPE EGG FRYING PAN,PINK PADDED MOBILE,POSTAGE,RED AND WHITE SPOT TAPE,RED SPOT CERAMIC DRAWER KNOB,RED SPOTS  WRAP,RED SPOTTY APRON,RED SPOTTY PURSE,RED TOADSTOOL LED NIGHT LIGHT,RED/WHITE DOT MINI CASES,RETRO SPOT PARTY BAG + STICKER SET,RETROSPOT CHILDRENS APRON,SCOTTIES DESIGN WASHBAG,SET OF 3 CASES WOODLAND DESIGN,SET/10 BLUE SPOTTY PARTY CANDLES,SET/10 RED SPOTTY PARTY CANDLES,SPACEBOY BIRTHDAY CARD,SPACEBOY GIFT WRAP,SPACEBOY LUNCH BOX,STARS GIFT TAPE,STRAWBERRY LUNCH BOX WITH CUTLERY,SUKI  SHOULDER BAG,TEA PARTY BIRTHDAY CARD,TOADSTOOL MONEY BOX,TOOL BOX SOFT TOY,TOYBOX  WRAP,TURQ ICE CREAM BUM BAG,VINTAGE KID DOLLY CARD,WHITE SPOT BLUE CERAMIC DRAWER KNOB,WHITE SPOT RED CERAMIC DRAWER KNOB,WHITE/BLUE PULL BACK RACING CAR,WOODLAND PARTY BAG + STICKER SET,WRAP COWBOYS,WRAP MONSTER FUN
ADVENT CALENDAR GINGHAM SACK,BIRDS MOBILE VINTAGE DESIGN,CARDHOLDER HOLLY WREATH METAL,GREEN CHRISTMAS TREE CARD HOLDER,MEMO BOARD COTTAGE DESIGN,PLASTERS IN TIN CIRCUS PARADE,POSTAGE,RED GINGHAM TEDDY BEAR,SPOTTY PINK DUCK DOORSTOP,,,,,,,,,,,,,,,,,,,,,,,,,,,,,,,,,,,,,,,,,,,,,,,,,,,,,,,,,,,,,,,,,,
BAKING SET 9 PIECE RETROSPOT,BAKING SET SPACEBOY DESIGN,CIRCUS PARADE LUNCH BOX,GUMBALL COAT RACK,JUMBO  BAG BAROQUE BLACK WHITE,JUMBO BAG RED RETROSPOT,JUMBO BAG WOODLAND ANIMALS,JUMBO STORAGE BAG SUKI,RED RETROSPOT ROUND CAKE TINS,ROUND SNACK BOXES SET OF 4 FRUITS,ROUND SNACK BOXES SET OF4 WOODLAND,SET OF 3 BABUSHKA STACKING TINS,SPACEBOY LUNCH BOX,,,,,,,,,,,,,,,,,,,,,,,,,,,,,,,,,,,,,,,,,,,,,,,,,,,,,,,,,,,,,,
POSTAGE,,,,,,,,,,,,,,,,,,,,,,,,,,,,,,,,,,,,,,,,,,,,,,,,,,,,,,,,,,,,,,,,,,,,,,,,,,
3D TRADITIONAL CHRISTMAS STICKERS,CARDHOLDER HOLLY WREATH METAL,CHRISTMAS LIGHTS 10 VINTAGE BAUBLES,HAND WARMER UNION JACK,POSTAGE,RED HANGING HEART T-LIGHT HOLDER,ROCKING HORSE GREEN CHRISTMAS,ROCKING HORSE RED CHRISTMAS,SET OF 20 VINTAGE CHRISTMAS NAPKINS,,,,,,,,,,,,,,,,,,,,,,,,,,,,,,,,,,,,,,,,,,,,,,,,,,,,,,,,,,,,,,,,,,
5 HOOK HANGER MAGIC TOADSTOOL,ADVENT CALENDAR GINGHAM SACK,ASSORTED COLOUR BIRD ORNAMENT,CARDHOLDER HOLLY WREATH METAL,CHRISTMAS GINGHAM HEART,GREEN CHRISTMAS TREE CARD HOLDER,PICTURE DOMINOES,PLASTERS IN TIN CIRCUS PARADE,POSTAGE,RETROSPOT TEA SET CERAMIC 11 PC,S/15 SILVER GLASS BAUBLES IN BAG,VINTAGE HEADS AND TAILS CARD GAME,,,,,,,,,,,,,,,,,,,,,,,,,,,,,,,,,,,,,,,,,,,,,,,,,,,,,,,,,,,,,,,
36 PENCILS TUBE RED RETROSPOT,36 PENCILS TUBE SKULLS,36 PENCILS TUBE WOODLAND,60 CAKE CASES DOLLY GIRL DESIGN,ASSORTED CHEESE FRIDGE MAGNETS,BALLOON PUMP WITH 10 BALLOONS,"BIRTHDAY CARD, RETRO SPOT",BLUE PARTY BAGS,CARD BIRTHDAY COWBOY,CARD CIRCUS PARADE,CARD DOLLY GIRL,CARD WEDDING DAY,CHRISTMAS CARD SINGING ANGEL,DINOSAUR PARTY BAG + STICKER SET,FELTCRAFT CHRISTMAS FAIRY,FELTCRAFT DOLL EMILY,FELTCRAFT DOLL MOLLY,FELTCRAFT DOLL ROSIE,FELTCRAFT PRINCESS CHARLOTTE DOLL,FELTCRAFT PRINCESS LOLA DOLL,FELTCRAFT PRINCESS OLIVIA DOLL,GRAND CHOCOLATECANDLE,MINI CAKE STAND T-LIGHT HOLDER,NECKLACE+BRACELET PINK BUTTERFLY,PACK OF 12 PINK POLKADOT TISSUES,PACK OF 12 SUKI TISSUES,PACK OF 60 DINOSAUR CAKE CASES,PINK PARTY BAGS,PLASTERS IN TIN SPACEBOY,PLASTERS IN TIN VINTAGE PAISLEY,RETROSPOT PARTY BAG + STICKER SET,RIBBON REEL MAKING SNOWMEN,RIBBON REEL SNOWY VILLAGE,SET OF 6 T-LIGHTS SANTA,SET OF 6 T-LIGHTS SNOWMEN,SET/10 BLUE POLKADOT PARTY CANDLES,SET/10 PINK POLKADOT PARTY CANDLES,SET/10 RED POLKADOT PARTY CANDLES,SET/20 RED RETROSPOT PAPER NAPKINS,SET/6 RED SPOTTY PAPER CUPS,SET/6 RED SPOTTY PAPER PLATES,SKULLS PARTY BAG + STICKER SET,,,,,,,,,,,,,,,,,,,,,,,,,,,,,,,,,
POSTAGE,,,,,,,,,,,,,,,,,,,,,,,,,,,,,,,,,,,,,,,,,,,,,,,,,,,,,,,,,,,,,,,,,,,,,,,,,,
3 HEARTS HANGING DECORATION RUSTIC,36 FOIL STAR CAKE CASES,6 RIBBONS RUSTIC CHARM,60 CAKE CASES VINTAGE CHRISTMAS,ANGEL DECORATION STARS ON DRESS,BABY BOOM RIBBONS,BISCUIT TIN VINTAGE GREEN,BISCUIT TIN VINTAGE RED,BREAD BIN DINER STYLE IVORY,BREAD BIN DINER STYLE RED,BROCANTE SHELF WITH HOOKS,CARD CHRISTMAS VILLAGE,CARD WEDDING DAY,CHILDREN'S APRON DOLLY GIRL,CHILDRENS APRON SPACEBOY DESIGN,COOK WITH WINE METAL SIGN,DOLLY GIRL LUNCH BOX,EASTER TIN BUNNY BOUQUET,EASTER TIN KEEPSAKE,FELTCRAFT PRINCESS CHARLOTTE DOLL,FELTCRAFT PRINCESS LOLA DOLL,GIN + TONIC DIET METAL SIGN,MEMO BOARD COTTAGE DESIGN,PACK OF 20 NAPKINS PANTRY DESIGN,RECIPE BOX RETROSPOT,RED KITCHEN SCALES,RED RETROSPOT STORAGE JAR,RED SPOTTY BISCUIT TIN,ROSE COTTAGE KEEPSAKE BOX,SCANDINAVIAN REDS RIBBONS,SET OF 20 VINTAGE CHRISTMAS NAPKINS,SET/10 BLUE POLKADOT PARTY CANDLES,SET/10 RED POLKADOT PARTY CANDLES,SPACEBOY LUNCH BOX,VINTAGE CREAM CAT FOOD CONTAINER,VINTAGE CREAM DOG FOOD CONTAINER,VINTAGE UNION JACK SHOPPING BAG,WOOD S/3 CABINET ANT WHITE FINISH,,,,,,,,,,,,,,,,,,,,,,,,,,,,,,,,,,,,,
CERAMIC CAKE BOWL + HANGING CAKES,CERAMIC CHERRY CAKE MONEY BANK,CERAMIC STRAWBERRY CAKE MONEY BANK,CERAMIC STRAWBERRY DESIGN MUG,DOORMAT AIRMAIL,EDWARDIAN PARASOL BLACK,EDWARDIAN PARASOL NATURAL,EDWARDIAN PARASOL PINK,EDWARDIAN PARASOL RED,FAWN BLUE HOT WATER BOTTLE,HOT WATER BOTTLE BABUSHKA,HOT WATER BOTTLE TEA AND SYMPATHY,NOVELTY BISCUITS CAKE STAND 3 TIER,PINK DRAWER KNOB ACRYLIC EDWARDIAN,PINK POLKADOT GARDEN PARASOL,POSTAGE,PURPLE DRAWERKNOB ACRYLIC EDWARDIAN,RED DRAWER KNOB ACRYLIC EDWARDIAN,STRAWBERRY CERAMIC TRINKET BOX,STRAWBERRY FAIRY CAKE TEAPOT,SWEETHEART CERAMIC TRINKET BOX,TEA TIME KITCHEN APRON,TEA TIME TEAPOT IN GIFT BOX,,,,,,,,,,,,,,,,,,,,,,,,,,,,,,,,,,,,,,,,,,,,,,,,,,,,
POSTAGE,,,,,,,,,,,,,,,,,,,,,,,,,,,,,,,,,,,,,,,,,,,,,,,,,,,,,,,,,,,,,,,,,,,,,,,,,,
Manual,,,,,,,,,,,,,,,,,,,,,,,,,,,,,,,,,,,,,,,,,,,,,,,,,,,,,,,,,,,,,,,,,,,,,,,,,,
12 PENCILS SMALL TUBE RED SPOTTY,12 PENCILS SMALL TUBE SKULL,BROCADE RING PURSE,DINOSAUR KEYRINGS ASSORTED,LIPSTICK PEN FUSCHIA,POSTAGE,SET OF 6 3D KIT CARDS FOR KIDS,WHITE/BLUE PULL BACK RACING CAR,,,,,,,,,,,,,,,,,,,,,,,,,,,,,,,,,,,,,,,,,,,,,,,,,,,,,,,,,,,,,,,,,,,
BAKING SET 9 PIECE RETROSPOT,LUNCH BOX WITH CUTLERY RETROSPOT,RED/WHITE DOT MINI CASES,,,,,,,,,,,,,,,,,,,,,,,,,,,,,,,,,,,,,,,,,,,,,,,,,,,,,,,,,,,,,,,,,,,,,,,,
ROTATING SILVER ANGELS T-LIGHT HLDR,,,,,,,,,,,,,,,,,,,,,,,,,,,,,,,,,,,,,,,,,,,,,,,,,,,,,,,,,,,,,,,,,,,,,,,,,,
NATURAL BARK CANDLE LARGE,PINK CHERRY LIGHTS,POSTAGE,SET 5 MINI CHOCOLATE FRIDGE MAGNETS,SET 5 MINI GATEAUX  FRIDGE MAGNETS,STRAWBERRY LUNCHBOX WITH CUTLERY,WHITE CHERRY LIGHTS,,,,,,,,,,,,,,,,,,,,,,,,,,,,,,,,,,,,,,,,,,,,,,,,,,,,,,,,,,,,,,,,,,,,
3D DOG PICTURE PLAYING CARDS,6 CHOCOLATE LOVE HEART T-LIGHTS,BLUE 3 PIECE MINI DOTS CUTLERY SET,CAMOUFLAGE LED TORCH,CAT BOWL,"DOG BOWL , CHASING BALL DESIGN",FAWN BLUE HOT WATER BOTTLE,GREEN MINI TAPE MEASURE,INFLATABLE POLITICAL GLOBE,LOVE HEART POCKET WARMER,LUNCH BAG  BLACK SKULL.,LUNCH BAG WOODLAND,NATURAL BARK CANDLE LARGE,NATURAL BARK CANDLE SMALL,OFFICE MUG WARMER CHOC+BLUE,PACK OF 72 RETRO SPOT CAKE CASES,PACK OF 72 SKULL CAKE CASES,PINK  HEART SHAPE LOVE BUCKET,PINK DOUGHNUT TRINKET POT,PINK HEART CANDY BUTTON CALCULATOR,RED 3 PIECE MINI DOTS CUTLERY SET,SET OF 20 KIDS COOKIE CUTTERS,SILVER MINI TAPE MEASURE,STRAWBERRY CERAMIC TRINKET BOX,TEATIME CAKE TIN WITH HANDLE,,,,,,,,,,,,,,,,,,,,,,,,,,,,,,,,,,,,,,,,,,,,,,,,,,
ABSTRACT CIRCLES POCKET BOOK,BLACK AND WHITE PAISLEY FLOWER MUG,BLUE PAISLEY POCKET BOOK,CHRYSANTHEMUM POCKET BOOK,FLOWER FAIRY INCENSE LAVENDER,FLOWER FAIRY INCENSE ROSE,GREEN FERN POCKET BOOK,JARDIN DE FEMME SCENTED CANDLE,JAZZ HEARTS MAGNETIC MEMO PAD,JAZZ HEARTS MEMO PAD,POP-ART FLUORESCENT PENS,RED DAISY POCKET BOOK,SET 5 MINI GATEAUX  FRIDGE MAGNETS,TEATIME PENCIL W STAMP ASST,TRANSPARENT ACRYLIC TAPE DISPENSER,,,,,,,,,,,,,,,,,,,,,,,,,,,,,,,,,,,,,,,,,,,,,,,,,,,,,,,,,,,,
ABSTRACT CIRCLES NOTEBOOK,ASS FLORAL PRINT SCISSORS,ASS FLORAL PRINT TORCH,ASSORTED FARMYARD ANIMALS IN BUCKET,ASSORTED FLORAL SECATEURS,BLACK AND WHITE PAISLEY FLOWER MUG,BLUE PAISLEY NOTEBOOK,BLUE SPOTTY LUGGAGE TAG,CHERRY BLOSSOM LUGGAGE TAG,CHRYSANTHEMUM NOTEBOOK,DAISY NOTEBOOK,ENGLISH ROSE SCISSORS,ENGLISH ROSE TORCH,FOUR RABBIT EASTER DECORATIONS,GARDEN PATH NOTEBOOK,GARDEN PATH POCKET BOOK,GREEN FERN NOTEBOOK,POSY CANDY BAG,RED SPOTTY CANDY BAG,S/5 MINI ICE CREAM FRIDGE MAGNETS,SET 5 MINI CHOCOLATE FRIDGE MAGNETS,SET 5 MINI DOUGHNUT FRIDGE MAGNET,SET 5 MINI GATEAUX  FRIDGE MAGNETS,SET OF 12 MINI BUNNIES IN A BUCKET,SMALL FAIRY CAKE FRIDGE MAGNETS,STRAWBERRY CANDY BAG,TROPICAL LUGGAGE TAG,ZINC HEART LATTICE DOUBLE PLANTER,ZINC HEART LATTICE PLANTER BOWL,ZINC HEART LATTICE TRAY OVAL,,,,,,,,,,,,,,,,,,,,,,,,,,,,,,,,,,,,,,,,,,,,,
SMALL FAIRY CAKE FRIDGE MAGNETS,,,,,,,,,,,,,,,,,,,,,,,,,,,,,,,,,,,,,,,,,,,,,,,,,,,,,,,,,,,,,,,,,,,,,,,,,,
BLUE DINER WALL CLOCK,COWBOYS AND INDIANS BIRTHDAY CARD,"ELEPHANT, BIRTHDAY CARD,",FLAMINGO LIGHTS,JUMBO BAG OWLS,JUMBO SHOPPER VINTAGE RED PAISLEY,RED DINER WALL CLOCK,RED TOADSTOOL LED NIGHT LIGHT,SET 10 LIGHTS NIGHT OWL,SET 12 KIDS  WHITE CHALK STICKS,SET 12 KIDS COLOUR  CHALK STICKS,TEA COSY BLUE STRIPE,TEA COSY RED  STRIPE,TEA PARTY BIRTHDAY CARD,VINTAGE KID DOLLY CARD,,,,,,,,,,,,,,,,,,,,,,,,,,,,,,,,,,,,,,,,,,,,,,,,,,,,,,,,,,,,
BEAUTY SPEED EXPRESSO CUPS,BIRD IN TREE MUG,BLUE CHERRY BLOSSOM CUP & SAUCER,LARGE GLASS SUNDAE DISH CLEAR,ORANGE FLOWER MUG,RETRO SISTERS EXPRESSO CUPS,SET/6 STRAWBERRY PAPER CUPS,SET/6 STRAWBERRY PAPER PLATES,SET/6 WOODLAND PAPER CUPS,SET/6 WOODLAND PAPER PLATES,,,,,,,,,,,,,,,,,,,,,,,,,,,,,,,,,,,,,,,,,,,,,,,,,,,,,,,,,,,,,,,,,
BALLOON WATER BOMB PACK OF 35,DOOR MAT WELCOME PUPPIES,GREEN 3 PIECE MINI DOTS CUTLERY SET,INFLATABLE POLITICAL GLOBE,PINK 3 PIECE MINI DOTS CUTLERY SET,PINK DOUGHNUT TRINKET POT,RED TOADSTOOL LED NIGHT LIGHT,SET OF 20 KIDS COOKIE CUTTERS,SET OF 9 HEART SHAPED BALLOONS,SUKI  SHOULDER BAG,,,,,,,,,,,,,,,,,,,,,,,,,,,,,,,,,,,,,,,,,,,,,,,,,,,,,,,,,,,,,,,,,
3D DOG PICTURE PLAYING CARDS,AREA PATROLLED METAL SIGN,BEWARE OF THE CAT METAL SIGN,GIN + TONIC DIET METAL SIGN,"HOOK, 5 HANGER , MAGIC TOADSTOOL",LADIES & GENTLEMEN METAL SIGN,METAL SIGN TAKE IT OR LEAVE IT,PLASTERS IN TIN STRONGMAN,PLASTERS IN TIN VINTAGE PAISLEY,PLASTERS IN TIN WOODLAND ANIMALS,SET/5 RED SPOTTY LID GLASS BOWLS,VINTAGE HEADS AND TAILS CARD GAME,WOOD STAMP SET FLOWERS,WOODEN ROUNDERS GARDEN SET,WOODEN SKITTLES GARDEN SET,,,,,,,,,,,,,,,,,,,,,,,,,,,,,,,,,,,,,,,,,,,,,,,,,,,,,,,,,,,,
72 SWEETHEART FAIRY CAKE CASES,CERAMIC STRAWBERRY CAKE MONEY BANK,ENAMEL PINK TEA CONTAINER,FAIRY CAKE BIRTHDAY CANDLE SET,PACK OF 60 MUSHROOM CAKE CASES,PACK OF 60 PINK PAISLEY CAKE CASES,PACK OF 72 RETRO SPOT CAKE CASES,SET OF 6 SOLDIER SKITTLES,STRAWBERRY CERAMIC TRINKET BOX,STRAWBERRY FAIRY CAKE TEAPOT,,,,,,,,,,,,,,,,,,,,,,,,,,,,,,,,,,,,,,,,,,,,,,,,,,,,,,,,,,,,,,,,,
20 DOLLY PEGS RETROSPOT,36 PENCILS TUBE SKULLS,36 PENCILS TUBE WOODLAND,BAKING SET SPACEBOY DESIGN,BLUE 3 PIECE MINI DOTS CUTLERY SET,BLUE GEISHA GIRL,CAKES AND RABBITS DESIGN FLANNEL,CHARLOTTE BAG SUKI DESIGN,EMERGENCY FIRST AID TIN,ENVELOPE 50 BLOSSOM IMAGES,ENVELOPE 50 CURIOUS IMAGES,ENVELOPE 50 ROMANTIC IMAGES,FIRST AID TIN,GREEN GEISHA GIRL,MAGIC DRAWING SLATE BAKE A CAKE,MAGIC DRAWING SLATE SPACEBOY,MAGNETS PACK OF 4 CHILDHOOD MEMORY,MUSHROOM BLUE HOT WATER BOTTLE,PACK OF 60 MUSHROOM CAKE CASES,PACK OF 60 PINK PAISLEY CAKE CASES,PACK OF 60 SPACEBOY CAKE CASES,PARTY TIME DESIGN FLANNEL,PLASTERS IN TIN CIRCUS PARADE,PLASTERS IN TIN SPACEBOY,PLASTERS IN TIN VINTAGE PAISLEY,POSTAGE,RED 3 PIECE MINI DOTS CUTLERY SET,RED SPOTTY CHARLOTTE BAG,RED TOADSTOOL LED NIGHT LIGHT,SET OF 2 ROUND TINS DUTCH CHEESE,SET OF 36 MUSHROOM PAPER DOILIES,SET OF 36 PAISLEY FLOWER DOILIES,,,,,,,,,,,,,,,,,,,,,,,,,,,,,,,,,,,,,,,,,,,
BAG 125g SWIRLY MARBLES,BINGO SET,BLUE HARMONICA IN BOX,CHARLIE LOLA BLUE HOT WATER BOTTLE,COWBOYS AND INDIANS BIRTHDAY CARD,"ELEPHANT, BIRTHDAY CARD,",HAIRCLIPS FORTIES FABRIC ASSORTED,MAGIC SLATE DINOSAUR,MAGIC SLATE DOLLY GIRL,MAGIC SLATE SPACEBOY,MUSHROOM BLUE HOT WATER BOTTLE,PAPER CHAIN KIT 50'S CHRISTMAS,PAPER CHAIN KIT RETRO SPOT,PLASTERS IN TIN CIRCUS PARADE,PLASTERS IN TIN MR STRONG,PLASTERS IN TIN SPACEBOY,POSTAGE,RAIN PONCHO,RAIN PONCHO WITH RED SPOTS,RED  HARMONICA IN BOX,RED HEART SHAPE LOVE BUCKET,RED WOOLLY HOTTIE WHITE HEART.,SCOTTIE DOG HOT WATER BOTTLE,SET 12 KIDS  WHITE CHALK STICKS,SET 12 KIDS COLOUR  CHALK STICKS,SPACE BOY BIRTHDAY CARD,TEA BAG PLATE RED SPOTTY,TEA PARTY BIRTHDAY CARD,VINTAGE KID DOLLY CARD,WOODEN ROUNDERS GARDEN SET,WOODEN SCHOOL COLOURING SET,,,,,,,,,,,,,,,,,,,,,,,,,,,,,,,,,,,,,,,,,,,,
BLUE 3 PIECE MINI DOTS CUTLERY SET,GREEN 3 PIECE MINI DOTS CUTLERY SET,PINK 3 PIECE MINI DOTS CUTLERY SET,POSTAGE,,,,,,,,,,,,,,,,,,,,,,,,,,,,,,,,,,,,,,,,,,,,,,,,,,,,,,,,,,,,,,,,,,,,,,,
BAG 125g SWIRLY MARBLES,BALLOON PUMP WITH 10 BALLOONS,BINGO SET,BOX OF 24 COCKTAIL PARASOLS,CARD BIRTHDAY COWBOY,CARD DOLLY GIRL,CORONA MEXICAN TRAY,COWBOYS AND INDIANS BIRTHDAY CARD,DOLLY GIRL LUNCH BOX,"ELEPHANT, BIRTHDAY CARD,",FAWN BLUE HOT WATER BOTTLE,GLASS  BEURRE DISH,HOLIDAY FUN LUDO,HOUSE SHAPE PENCIL SHARPENER,LARGE POPCORN HOLDER,PACK OF 12 TRADITIONAL CRAYONS,POSTAGE,RAIN PONCHO,RAIN PONCHO WITH RED SPOTS,RED HEART SHAPE LOVE BUCKET,RETRO SPOT SMALL TUBE MATCHES,SPACEBOY LUNCH BOX,TEA PARTY BIRTHDAY CARD,TV DINNER TRAY DOLLY GIRL,VINTAGE KID DOLLY CARD,WOODEN BOX OF DOMINOES,,,,,,,,,,,,,,,,,,,,,,,,,,,,,,,,,,,,,,,,,,,,,,,,,
APPLE BATH SPONGE,BLACK DINER WALL CLOCK,BLUE HARMONICA IN BOX,CHARLIE AND LOLA FIGURES TINS,CHARLIE AND LOLA TABLE TINS,CIRCUS PARADE LUNCH BOX,CORONA MEXICAN TRAY,COWBOYS AND INDIANS BIRTHDAY CARD,DOLLY GIRL LUNCH BOX,"ELEPHANT, BIRTHDAY CARD,",GREEN JUICY FRUIT PHOTO FRAME,JUMBO BAG DOLLY GIRL DESIGN,JUMBO BAG TOYS,MEASURING TAPE RUSSIAN DOLL BLUE,MEASURING TAPE RUSSIAN DOLL PINK,MEASURING TAPE RUSSIAN DOLL RED,PACK OF 12 SUKI TISSUES,PACK OF 12 WOODLAND TISSUES,PENNY FARTHING BIRTHDAY CARD,PINK JUICY FRUIT PHOTO FRAME,PLASTERS IN TIN CIRCUS PARADE,PLASTERS IN TIN SPACEBOY,PLASTERS IN TIN WOODLAND ANIMALS,RED  HARMONICA IN BOX,ROUND SNACK BOXES SET OF 4 FRUITS,SET 10 LIGHTS NIGHT OWL,SET/4 BADGES BALLOON GIRL,SILK PURSE RUSSIAN DOLL BLUE,SILK PURSE RUSSIAN DOLL PINK,SILK PURSE RUSSIAN DOLL RED,VICTORIAN SEWING KIT,VINTAGE KID DOLLY CARD,,,,,,,,,,,,,,,,,,,,,,,,,,,,,,,,,,,,,,,,,,,
BABUSHKA LIGHTS STRING OF 10,BAKING SET 9 PIECE RETROSPOT,BAKING SET SPACEBOY DESIGN,BIRDS MOBILE VINTAGE DESIGN,BLUE 3 PIECE MINI DOTS CUTLERY SET,PINK 3 PIECE MINI DOTS CUTLERY SET,PINK SPOTTY CHILDS UMBRELLA,PLASTERS IN TIN CIRCUS PARADE,PLASTERS IN TIN VINTAGE PAISLEY,POSTAGE,RED 3 PIECE MINI DOTS CUTLERY SET,RED TOADSTOOL LED NIGHT LIGHT,SET 10 LIGHTS NIGHT OWL,,,,,,,,,,,,,,,,,,,,,,,,,,,,,,,,,,,,,,,,,,,,,,,,,,,,,,,,,,,,,,
6 RIBBONS RUSTIC CHARM,ALARM CLOCK BAKELIKE CHOCOLATE,ALARM CLOCK BAKELIKE GREEN,ALARM CLOCK BAKELIKE IVORY,ALARM CLOCK BAKELIKE ORANGE,ALARM CLOCK BAKELIKE PINK,ALARM CLOCK BAKELIKE RED,CARDHOLDER GINGHAM CHRISTMAS TREE,DOLLY GIRL LUNCH BOX,ENCHANTED BIRD COATHANGER 5 HOOK,"FRENCH BLUE METAL DOOR SIGN, 0","FRENCH BLUE METAL DOOR SIGN, 1","FRENCH BLUE METAL DOOR SIGN, 2","FRENCH BLUE METAL DOOR SIGN, 3","FRENCH BLUE METAL DOOR SIGN, 4","FRENCH BLUE METAL DOOR SIGN, 5","FRENCH BLUE METAL DOOR SIGN, 6","FRENCH BLUE METAL DOOR SIGN, 7","FRENCH BLUE METAL DOOR SIGN, 8","FRENCH BLUE METAL DOOR SIGN, 9",FRENCH TOILET SIGN BLUE METAL,MAGNETS PACK OF 4 CHILDHOOD MEMORY,MAGNETS PACK OF 4 RETRO PHOTO,MAGNETS PACK OF 4 VINTAGE COLLAGE,MINI JIGSAW DOLLY GIRL,NO SINGING METAL SIGN,PACK OF 6 BIRDY GIFT TAGS,SET OF 3 CASES WOODLAND DESIGN,TEA BAG PLATE RED SPOTTY,TV DINNER TRAY DOLLY GIRL,,,,,,,,,,,,,,,,,,,,,,,,,,,,,,,,,,,,,,,,,,,,,
GUMBALL COAT RACK,,,,,,,,,,,,,,,,,,,,,,,,,,,,,,,,,,,,,,,,,,,,,,,,,,,,,,,,,,,,,,,,,,,,,,,,,,
JUMBO STORAGE BAG SUKI,MODERN FLORAL STATIONERY SET,PACK OF 20 NAPKINS RED APPLES,PACK OF 6 BIRDY GIFT TAGS,PACK OF 60 SPACEBOY CAKE CASES,PACK OF 72 RETRO SPOT CAKE CASES,SMALL PURPLE BABUSHKA NOTEBOOK,SMALL RED BABUSHKA NOTEBOOK,VINTAGE CARAVAN GREETING CARD,,,,,,,,,,,,,,,,,,,,,,,,,,,,,,,,,,,,,,,,,,,,,,,,,,,,,,,,,,,,,,,,,,
CAKE SHOP  STICKER SHEET,CHILDS BREAKFAST SET CIRCUS PARADE,CHILDS BREAKFAST SET DOLLY GIRL,CHILDS BREAKFAST SET SPACEBOY,LOVELY BONBON STICKER SHEET,PACK OF 72 RETROSPOT CAKE CASES,PAPER BUNTING RETROSPOT,PAPER CHAIN KIT RETROSPOT,PLASTERS IN TIN CIRCUS PARADE,PLASTERS IN TIN WOODLAND ANIMALS,POSTAGE,RECIPE BOX PANTRY YELLOW DESIGN,RECIPE BOX RETROSPOT,RED 3 PIECE RETROSPOT CUTLERY SET,RED TOADSTOOL LED NIGHT LIGHT,SET OF 3 NOTEBOOKS IN PARCEL,SET OF 72 RETROSPOT PAPER  DOILIES,,,,,,,,,,,,,,,,,,,,,,,,,,,,,,,,,,,,,,,,,,,,,,,,,,,,,,,,,,
POSTAGE,,,,,,,,,,,,,,,,,,,,,,,,,,,,,,,,,,,,,,,,,,,,,,,,,,,,,,,,,,,,,,,,,,,,,,,,,,
BINGO SET,BLUE HARMONICA IN BOX,"ELEPHANT, BIRTHDAY CARD,",ESSENTIAL BALM 3.5g TIN IN ENVELOPE,INFLATABLE POLITICAL GLOBE,PACK OF 12 WOODLAND TISSUES,PAPER CHAIN KIT 50'S CHRISTMAS,POSTAGE,TEA PARTY BIRTHDAY CARD,,,,,,,,,,,,,,,,,,,,,,,,,,,,,,,,,,,,,,,,,,,,,,,,,,,,,,,,,,,,,,,,,,
BLUE 3 PIECE POLKADOT CUTLERY SET,CAMOUFLAGE LED TORCH,DOORMAT AIRMAIL,DOORMAT HEARTS,FAWN BLUE HOT WATER BOTTLE,GREEN 3 PIECE POLKADOT CUTLERY SET,HI TEC ALPINE HAND WARMER,LUNCH BAG SPACEBOY DESIGN,LUNCH BAG SUKI  DESIGN,LUNCH BAG WOODLAND,NATURAL BARK CANDLE LARGE,NATURAL BARK CANDLE SMALL,OFFICE MUG WARMER CHOC+BLUE,OFFICE MUG WARMER PINK,PACK OF 12 SUKI TISSUES,PACK OF 60 DINOSAUR CAKE CASES,PINK  HEART SHAPE LOVE BUCKET,PINK 3 PIECE POLKADOT CUTLERY SET,PINK DOUGHNUT TRINKET POT,RED 3 PIECE RETROSPOT CUTLERY SET,RED TOADSTOOL LED NIGHT LIGHT,SET 7 BABUSHKA NESTING BOXES,SKULL LUNCH BOX WITH CUTLERY,STRAWBERRY CERAMIC TRINKET BOX,STRAWBERRY LUNCH BOX WITH CUTLERY,SWEETHEART CERAMIC TRINKET BOX,,,,,,,,,,,,,,,,,,,,,,,,,,,,,,,,,,,,,,,,,,,,,,,,,
12 COLOURED PARTY BALLOONS,20 DOLLY PEGS RETROSPOT,36 FOIL HEART CAKE CASES,36 FOIL STAR CAKE CASES,ALARM CLOCK BAKELIKE CHOCOLATE,ALARM CLOCK BAKELIKE GREEN,ALARM CLOCK BAKELIKE IVORY,ALARM CLOCK BAKELIKE ORANGE,ALARM CLOCK BAKELIKE RED,BALLOON PUMP WITH 10 BALLOONS,BREAD BIN DINER STYLE IVORY,BREAD BIN DINER STYLE MINT,CHRISTMAS LIGHTS 10 REINDEER,CHRISTMAS LIGHTS 10 SANTAS,CHRISTMAS LIGHTS 10 VINTAGE BAUBLES,CIRCUS PARADE LUNCH BOX,DOLLY GIRL LUNCH BOX,GROW YOUR OWN PLANT IN A CAN,GUMBALL COAT RACK,"HOOK, 3 HANGER ,MAGIC GARDEN","HOOK, 5 HANGER , MAGIC TOADSTOOL","HOOK, 5 HANGER ,MAGIC TOADSTOOL RED",JUMBO BAG OWLS,JUMBO STORAGE BAG SUKI,ROUND SNACK BOXES SET OF 4 FRUITS,SET OF 6 RIBBONS VINTAGE CHRISTMAS,SMALL PURPLE BABUSHKA NOTEBOOK,SMALL RED BABUSHKA NOTEBOOK,,,,,,,,,,,,,,,,,,,,,,,,,,,,,,,,,,,,,,,,,,,,,,,
20 DOLLY PEGS RETROSPOT,36 FOIL HEART CAKE CASES,60 CAKE CASES DOLLY GIRL DESIGN,ALARM CLOCK BAKELIKE GREEN,ALARM CLOCK BAKELIKE IVORY,ALARM CLOCK BAKELIKE ORANGE,ALARM CLOCK BAKELIKE PINK,ALARM CLOCK BAKELIKE RED,AREA PATROLLED METAL SIGN,BLUE COAT RACK PARIS FASHION,BREAD BIN DINER STYLE IVORY,DOORMAT RESPECTABLE HOUSE,FRENCH GARDEN SIGN BLUE METAL,FRENCH WC SIGN BLUE METAL,JAM MAKING SET WITH JARS,POSTAGE,ROUND SNACK BOXES SET OF4 WOODLAND,SET 7 BABUSHKA NESTING BOXES,WOODEN OWLS LIGHT GARLAND,WOODLAND PARTY BAG + STICKER SET,,,,,,,,,,,,,,,,,,,,,,,,,,,,,,,,,,,,,,,,,,,,,,,,,,,,,,,
FAIRY CAKE BIRTHDAY CANDLE SET,MIRRORED DISCO BALL,,,,,,,,,,,,,,,,,,,,,,,,,,,,,,,,,,,,,,,,,,,,,,,,,,,,,,,,,,,,,,,,,,,,,,,,,
POSTAGE,,,,,,,,,,,,,,,,,,,,,,,,,,,,,,,,,,,,,,,,,,,,,,,,,,,,,,,,,,,,,,,,,,,,,,,,,,
SMALL FAIRY CAKE FRIDGE MAGNETS,,,,,,,,,,,,,,,,,,,,,,,,,,,,,,,,,,,,,,,,,,,,,,,,,,,,,,,,,,,,,,,,,,,,,,,,,,
RED HEART SHAPE LOVE BUCKET,,,,,,,,,,,,,,,,,,,,,,,,,,,,,,,,,,,,,,,,,,,,,,,,,,,,,,,,,,,,,,,,,,,,,,,,,,
CORONA MEXICAN TRAY,LARGE POPCORN HOLDER,RED HEART SHAPE LOVE BUCKET,,,,,,,,,,,,,,,,,,,,,,,,,,,,,,,,,,,,,,,,,,,,,,,,,,,,,,,,,,,,,,,,,,,,,,,,
60 CAKE CASES DOLLY GIRL DESIGN,,,,,,,,,,,,,,,,,,,,,,,,,,,,,,,,,,,,,,,,,,,,,,,,,,,,,,,,,,,,,,,,,,,,,,,,,,
SET 7 BABUSHKA NESTING BOXES,,,,,,,,,,,,,,,,,,,,,,,,,,,,,,,,,,,,,,,,,,,,,,,,,,,,,,,,,,,,,,,,,,,,,,,,,,
BLUE 3 PIECE MINI DOTS CUTLERY SET,GREEN 3 PIECE MINI DOTS CUTLERY SET,PINK 3 PIECE MINI DOTS CUTLERY SET,POSTAGE,,,,,,,,,,,,,,,,,,,,,,,,,,,,,,,,,,,,,,,,,,,,,,,,,,,,,,,,,,,,,,,,,,,,,,,
BAKING SET 9 PIECE RETROSPOT,BLUE  SPOTTY CUP,BLUE  SPOTTY PLATE,BLUE 3 PIECE MINI DOTS CUTLERY SET,"CHARLOTTE BAG , PINK/WHITE SPOTS",GREEN  SPOTTY PLATE,GREEN SPOTTY CUP,HOME BUILDING BLOCK WORD,LARGE HEART MEASURING SPOONS,PACK OF 72 RETRO SPOT CAKE CASES,PINK  SPOTTY PLATE,PINK 3 PIECE MINI DOTS CUTLERY SET,PINK SPOTTY CHILDS UMBRELLA,PINK/BROWN DOTS RUFFLED UMBRELLA,RED 3 PIECE MINI DOTS CUTLERY SET,RED SPOTTY CHARLOTTE BAG,RED SPOTTY CHILDS UMBRELLA,RED SPOTTY CUP,RED SPOTTY PLATE,RED SPOTTY PURSE,RED/WHITE DOTS RUFFLED UMBRELLA,RETRO SPOT LAMP,RETRO SPOT STORAGE JAR,RETRO SPOT TEA SET CERAMIC 11 PC,RETRO SPOT TRADITIONAL TEAPOT,"SET 3 RED SPOT TIN TEA,COFFEE,SUGAR",SET OF 3 CASES WOODLAND DESIGN,SET OF 72 RETRO SPOT PAPER  DOILIES,SMALL HEART MEASURING SPOONS,VINTAGE HEADS AND TAILS CARD GAME,WELCOME  WOODEN BLOCK LETTERS,WHITE SPOT BLUE CERAMIC DRAWER KNOB,,,,,,,,,,,,,,,,,,,,,,,,,,,,,,,,,,,,,,,,,,,
60 TEATIME FAIRY CAKE CASES,BAKING SET 9 PIECE RETROSPOT,BAKING SET SPACEBOY DESIGN,BIG DOUGHNUT FRIDGE MAGNETS,CAKE STAND LACE WHITE,CAKE STAND WHITE TWO TIER LACE,CHILDS APRON SPACEBOY DESIGN,PACK OF 60 PINK PAISLEY CAKE CASES,PACK OF 72 RETRO SPOT CAKE CASES,PINK FAIRY CAKE CHILD'S APRON,POSTAGE,RED SPOTTY CHILDS APRON,RETRO SPORT PARTY BAG + STICKER SET,SET OF 36 TEATIME PAPER DOILIES,SET OF 72 RETRO SPOT PAPER  DOILIES,SET/3 RUSSIAN DOLL STACKING TINS,SMALL HEART MEASURING SPOONS,,,,,,,,,,,,,,,,,,,,,,,,,,,,,,,,,,,,,,,,,,,,,,,,,,,,,,,,,,
BAKING SET 9 PIECE RETROSPOT,BASKET OF TOADSTOOLS,BLUE  SPOTTY CUP,BLUE 3 PIECE MINI DOTS CUTLERY SET,BLUE DINER WALL CLOCK,BLUE HARMONICA IN BOX,CAMOUFLAGE LED TORCH,"CHARLOTTE BAG , PINK/WHITE SPOTS",CHILDRENS GARDEN GLOVES BLUE,CHILDRENS GARDEN GLOVES PINK,CHILDS GARDEN BRUSH BLUE,CHILDS GARDEN BRUSH PINK,CHILDS GARDEN FORK BLUE,CHILDS GARDEN FORK PINK,CHILDS GARDEN TROWEL BLUE,CHILDS GARDEN TROWEL PINK,COOKING SET RETROSPOT,EAU DE NIL DINER WALL CLOCK,EIGHT PIECE DINOSAUR SET,GREEN 3 PIECE MINI DOTS CUTLERY SET,GREEN SPOTTY CUP,JUMBO BAG PINK WITH WHITE SPOTS,LARGE HEART MEASURING SPOONS,MEMO BOARD COTTAGE DESIGN,METAL SIGN HER DINNER IS SERVED,METAL SIGN TAKE IT OR LEAVE IT,PACK 20 DOLLY PEGS,PICTURE DOMINOES,PIN CUSHION RUSSIAN DOLL PINK,PINK  SPOTTY CUP,PINK 3 PIECE MINI DOTS CUTLERY SET,PINK LOVE HEART SHAPE CUP,RED  HARMONICA IN BOX,RED 3 PIECE MINI DOTS CUTLERY SET,RED RETROSPOT JUMBO BAG,RED RETROSPOT STORAGE JAR,RED SPOTTY CHARLOTTE BAG,RED SPOTTY CHILDS UMBRELLA,RED SPOTTY CUP,RED SPOTTY SHOPPER BAG,RED TOADSTOOL LED NIGHT LIGHT,RED/WHITE DOT MINI CASES,RETRO RED SPOTTY WASHING UP GLOVES,RETRO SPOT TEA SET CERAMIC 11 PC,SET OF 3 CASES WOODLAND DESIGN,SET/3 RUSSIAN DOLL STACKING TINS,SILK PURSE RUSSIAN DOLL BLUE,SILK PURSE RUSSIAN DOLL PINK,SMALL HEART MEASURING SPOONS,WALL TIDY RETROSPOT,WATERING CAN GREEN DINOSAUR,WATERING CAN PINK BUNNY,WOODLAND CHARLOTTE BAG,,,,,,,,,,,,,,,,,,,,,,
GUMBALL COAT RACK,,,,,,,,,,,,,,,,,,,,,,,,,,,,,,,,,,,,,,,,,,,,,,,,,,,,,,,,,,,,,,,,,,,,,,,,,,
ASSORTED COLOUR MINI CASES,BAKING SET 9 PIECE RETROSPOT,BLACK DINER WALL CLOCK,BLACK/BLUE DOTS RUFFLED UMBRELLA,BLUE  SPOTTY CUP,BLUE  SPOTTY PLATE,BLUE  SPOTTY PUDDING BOWL,BLUE SPOTTY BEAKER,BLUE SPOTTY BOWL,BLUE/CREAM STRIPE FRINGE HAMMOCK,BOTTLE BAG RETROSPOT,BOUDOIR SQUARE TISSUE BOX,CHERRY BLOSSOM  DECORATIVE FLASK,CHERRY BLOSSOM DECORATIVE FLASK,CHOCOLATE THIS WAY METAL SIGN,CLOTHES PEGS RETROSPOT PACK 24,EAU DE NIL DINER WALL CLOCK,EDWARDIAN PARASOL PINK,ENAMEL BLUE RIM COFFEE CONTAINER,ENAMEL BLUE RIM TEA CONTAINER,GARDEN METAL SIGN,GARDENERS KNEELING PAD,GIRLS VINTAGE TIN SEASIDE BUCKET,GUMBALL COAT RACK,HOLIDAY FUN LUDO,HOT WATER BOTTLE TEA AND SYMPATHY,"KEY FOB , FRONT  DOOR","KEY FOB , GARAGE DESIGN",KITCHEN METAL SIGN,MINT KITCHEN SCALES,MONEY BOX POCKET MONEY DESIGN,PENCIL CASE LIFE IS BEAUTIFUL,PICTURE DOMINOES,PINK  SPOTTY CUP,PINK  SPOTTY PLATE,PINK SPOTTY BOWL,RECYCLING BAG RETROSPOT,RED GINGHAM TEDDY BEAR,RED RETROSPOT SUGAR JAM BOWL,RED SPOTTY BEAKER,RED SPOTTY BOWL,RED SPOTTY CUP,RED SPOTTY PLATE,RED SPOTTY PUDDING BOWL,RED/CREAM STRIPE FRINGE HAMMOCK,RED/WHITE DOTS RUFFLED UMBRELLA,REGENCY CAKESTAND 3 TIER,RETRO RED SPOTTY WASHING UP GLOVES,RETRO SPOT TEA SET CERAMIC 11 PC,SEASIDE STRIPE HAMMOCK,"SET 3 RED SPOT TIN TEA,COFFEE,SUGAR",UNION STRIPE WITH FRINGE  HAMMOCK,WALL TIDY RETROSPOT,,,,,,,,,,,,,,,,,,,,,,
BABUSHKA LIGHTS STRING OF 10,BLUE WHITE SPOTS GARDEN PARASOL,BOYS VINTAGE TIN SEASIDE BUCKET,ENAMEL COLANDER CREAM,ENAMEL MEASURING JUG CREAM,ENAMEL WASH BOWL CREAM,ENAMEL WATERING CAN CREAM,ENGLISH ROSE DESIGN PEG BAG,GIRLS VINTAGE TIN SEASIDE BUCKET,GUMBALL MONOCHROME COAT RACK,IVORY KITCHEN SCALES,JUMBO BAG WOODLAND ANIMALS,MEMO BOARD COTTAGE DESIGN,PACK OF 60 MUSHROOM CAKE CASES,PACK OF 72 RETRO SPOT CAKE CASES,PINK WHITE SPOTS GARDEN PARASOL,RED METAL BEACH SPADE,RED SPOTTY CHILDS APRON,RED SPOTTY PEG BAG,RED TOADSTOOL LED NIGHT LIGHT,SET OF 3 CASES WOODLAND DESIGN,SET OF 6 SOLDIER SKITTLES,SET/3 RUSSIAN DOLL STACKING TINS,SILK PURSE RUSSIAN DOLL PINK,TEA PARTY BIRTHDAY CARD,WOODLAND CHARLOTTE BAG,WOODLAND STORAGE BOX LARGE,WOODLAND STORAGE BOX SMALL,,,,,,,,,,,,,,,,,,,,,,,,,,,,,,,,,,,,,,,,,,,,,,,
BLUE 3 PIECE MINI DOTS CUTLERY SET,GREEN 3 PIECE MINI DOTS CUTLERY SET,PINK 3 PIECE MINI DOTS CUTLERY SET,POSTAGE,,,,,,,,,,,,,,,,,,,,,,,,,,,,,,,,,,,,,,,,,,,,,,,,,,,,,,,,,,,,,,,,,,,,,,,
20 DOLLY PEGS RETROSPOT,BATHROOM METAL SIGN,CHARLOTTE BAG PINK WITH WHITE SPOTS,JUMBO BAG RED RETROSPOT,KITCHEN METAL SIGN,LAUNDRY 15C METAL SIGN,PACK OF 72 RETRO SPOT CAKE CASES,POSTAGE,RED 3 PIECE MINI DOTS CUTLERY SET,RED SPOTTY CHARLOTTE BAG,RED SPOTTY SHOPPER BAG,RED SPOTTY SHOPPING BAG,RED/WHITE DOTS RUFFLED UMBRELLA,RETRO RED SPOTTY WASHING UP GLOVES,SET OF 72 RETRO SPOT PAPER  DOILIES,SUKI  SHOULDER BAG,TOILET METAL SIGN,WHITE SPOT BLUE CERAMIC DRAWER KNOB,WHITE SPOT RED CERAMIC DRAWER KNOB,WOODEN FRAME ANTIQUE WHITE,WOODEN PICTURE FRAME WHITE FINISH,,,,,,,,,,,,,,,,,,,,,,,,,,,,,,,,,,,,,,,,,,,,,,,,,,,,,,
20 DOLLY PEGS RETROSPOT,BLUE  SPOTTY CUP,BLUE  SPOTTY PLATE,BLUE 3 PIECE MINI DOTS CUTLERY SET,CARD BIRTHDAY COWBOY,CARD CIRCUS PARADE,CARD DOLLY GIRL,CHARLOTTE BAG DOLLY GIRL DESIGN,CHARLOTTE BAG PINK WITH WHITE SPOTS,CIRCUS PARADE LUNCH BOX,COOKING SET RETROSPOT,DOLLY GIRL LUNCH BOX,GREEN 3 PIECE MINI DOTS CUTLERY SET,GREEN GINGHAM FLOWER JEWELLERY BOX,JUMBO BAG PINK WITH WHITE SPOTS,JUMBO BAG RED RETROSPOT,MEMO BOARD COTTAGE DESIGN,PICTURE DOMINOES,PINK  SPOTTY CUP,PINK  SPOTTY PLATE,PINK 3 PIECE MINI DOTS CUTLERY SET,PINK SPOTTY CHILDS UMBRELLA,RECIPE BOX PANTRY YELLOW DESIGN,RED 3 PIECE MINI DOTS CUTLERY SET,RED SPOTTY CHARLOTTE BAG,RED SPOTTY CHILDS UMBRELLA,RED SPOTTY CUP,RED SPOTTY PLATE,RED TOADSTOOL LED NIGHT LIGHT,RETRO SPOT TEA SET CERAMIC 11 PC,ROBOT BIRTHDAY CARD,SET OF 72 RETRO SPOT PAPER  DOILIES,SET/10 PINK SPOTTY PARTY CANDLES,SET/3 RED GINGHAM ROSE STORAGE BOX,VINTAGE HEADS AND TAILS CARD GAME,WALL TIDY RETROSPOT,WHITE SPOT BLUE CERAMIC DRAWER KNOB,WHITE SPOT RED CERAMIC DRAWER KNOB,,,,,,,,,,,,,,,,,,,,,,,,,,,,,,,,,,,,,
36 DOILIES VINTAGE CHRISTMAS,60 TEATIME FAIRY CAKE CASES,72 CAKE CASES DOLLY GIRL DESIGN,72 CAKE CASES VINTAGE CHRISTMAS,72 SWEETHEART FAIRY CAKE CASES,ALPHABET HEARTS STICKER SHEET,MULTI HEARTS  STICKERS,PACK OF 12 BLUE PAISLEY TISSUES,PACK OF 12 HEARTS DESIGN TISSUES,PACK OF 12 RED SPOTTY TISSUES,PACK OF 12 SKULL TISSUES,PACK OF 12 SUKI TISSUES,PACK OF 12 WOODLAND TISSUES,PACK OF 60 PINK PAISLEY CAKE CASES,PACK OF 72 SKULL CAKE CASES,POSTAGE,SET OF 36 TEATIME PAPER DOILIES,SET OF 72 PINK HEART PAPER DOILIES,SET OF 72 SKULL PAPER  DOILIES,SWEETIES  STICKERS,,,,,,,,,,,,,,,,,,,,,,,,,,,,,,,,,,,,,,,,,,,,,,,,,,,,,,,
12 PENCILS SMALL TUBE RED SPOTTY,20 DOLLY PEGS RETROSPOT,BLACK AND WHITE CAT BOWL,BLACK AND WHITE DOG BOWL,BLUE 3 PIECE MINI DOTS CUTLERY SET,CERAMIC HEART FAIRY CAKE MONEY BANK,CERAMIC STRAWBERRY CAKE MONEY BANK,LARGE RED BABUSHKA NOTEBOOK,MONEY BOX FIRST ADE DESIGN,MONEY BOX HOUSEKEEPING DESIGN,PACK OF 12 RED SPOTTY TISSUES,PINK BABY BUNTING,POSTAGE,RED BABY BUNTING,RED SPOTTY CHARLOTTE BAG,RED SPOTTY SHOPPER BAG,RED/WHITE DOT MINI CASES,SET OF 3 NOTEBOOKS IN PARCEL,SET/10 RED SPOTTY PARTY CANDLES,SET/6 RED SPOTTY PAPER CUPS,SET/6 RED SPOTTY PAPER PLATES,SMALL RED BABUSHKA NOTEBOOK,TRAVEL SEWING KIT,WHITE SPOT BLUE CERAMIC DRAWER KNOB,WHITE SPOT RED CERAMIC DRAWER KNOB,ZINC HEART LATTICE T-LIGHT HOLDER,ZINC METAL HEART DECORATION,ZINC WILLIE WINKIE  CANDLE STICK,,,,,,,,,,,,,,,,,,,,,,,,,,,,,,,,,,,,,,,,,,,,,,,
3D CHRISTMAS STAMPS STICKERS,3D TRADITIONAL CHRISTMAS STICKERS,3D VINTAGE CHRISTMAS STICKERS,60 CAKE CASES VINTAGE CHRISTMAS,ALARM CLOCK BAKELIKE PINK,ALARM CLOCK BAKELIKE RED,BLUE POLKADOT BEAKER,BOX OF VINTAGE ALPHABET BLOCKS,BOX OF VINTAGE JIGSAW BLOCKS,CARD CHRISTMAS VILLAGE,CARD DOLLY GIRL,CARD MOTORBIKE SANTA,CHILDREN'S APRON DOLLY GIRL,CHILDS BREAKFAST SET DOLLY GIRL,CHILDS BREAKFAST SET SPACEBOY,DOORMAT RED RETROSPOT,JUMBO BAG PINK POLKADOT,MEMO BOARD RETROSPOT  DESIGN,MILK PAN RED RETROSPOT,PAPER CHAIN KIT VINTAGE CHRISTMAS,RECIPE BOX RETROSPOT,RED RETROSPOT TISSUE BOX,RETROSPOT RED WASHING UP GLOVES,ROBIN CHRISTMAS CARD,SET OF 20 VINTAGE CHRISTMAS NAPKINS,SET OF 6 RIBBONS VINTAGE CHRISTMAS,SET/2 RED RETROSPOT TEA TOWELS,WOODEN ADVENT CALENDAR CREAM,,,,,,,,,,,,,,,,,,,,,,,,,,,,,,,,,,,,,,,,,,,,,,,
75 GREEN FAIRY CAKE CASES,75 GREEN PETIT FOUR CASES,CAKE PLATE LOVEBIRD PINK,CAKE STAND 3 TIER MAGIC GARDEN,CAKE STAND LOVEBIRD 2 TIER PINK,CAKE STAND WHITE TWO TIER LACE,PACK OF 60 DINOSAUR CAKE CASES,PACK OF 60 MUSHROOM CAKE CASES,PACK OF 60 PINK PAISLEY CAKE CASES,PACK OF 72 RETRO SPOT CAKE CASES,POSTAGE,RED RETROSPOT CAKE STAND,REGENCY CAKESTAND 3 TIER,SET OF 3 BABUSHKA STACKING TINS,SET OF 36 TEATIME PAPER DOILIES,SET OF 72 RETRO SPOT PAPER  DOILIES,SET OF 72 SKULL PAPER  DOILIES,SMALL HEART MEASURING SPOONS,,,,,,,,,,,,,,,,,,,,,,,,,,,,,,,,,,,,,,,,,,,,,,,,,,,,,,,,,
POSTAGE,,,,,,,,,,,,,,,,,,,,,,,,,,,,,,,,,,,,,,,,,,,,,,,,,,,,,,,,,,,,,,,,,,,,,,,,,,
BAKING SET 9 PIECE RETROSPOT,SET/3 RUSSIAN DOLL STACKING TINS,,,,,,,,,,,,,,,,,,,,,,,,,,,,,,,,,,,,,,,,,,,,,,,,,,,,,,,,,,,,,,,,,,,,,,,,,
PINK  POLKADOT CUP,PINK 3 PIECE POLKADOT CUTLERY SET,RED RETROSPOT CUP,,,,,,,,,,,,,,,,,,,,,,,,,,,,,,,,,,,,,,,,,,,,,,,,,,,,,,,,,,,,,,,,,,,,,,,,
